{"roc_curves": {"Random Forest": {"fpr": [0.0, 0.0, 0.0, 0.0, 0.0, 0.0, 0.0, 0.0, 0.0, 0.0, 0.0, 0.0, 0.0, 0.0, 0.0, 0.0, 0.0, 0.0, 0.0, 0.0, 0.0, 0.00013567600569839224, 0.0003391900142459806, 0.0004070280170951767, 0.000542704022793569, 0.0010175700427379419, 0.001153246048436334, 0.0012889220541347263, 0.0021029780883250796, 0.002374330099721864, 0.007665694321959161, 0.007733532324808358, 0.007937046333355947, 0.008072722339054338, 0.00820839834475273, 0.008479750356149516, 0.008615426361847906, 1.0], "tpr": [0.0, 0.39768339768339767, 0.4980694980694981, 0.6216216216216216, 0.6718146718146718, 0.7142857142857143, 0.7258687258687259, 0.7876447876447876, 0.803088803088803, 0.8262548262548263, 0.8301158301158301, 0.8378378378378378, 0.8416988416988417, 0.888030888030888, 0.8996138996138996, 0.9073359073359073, 0.9111969111969112, 0.9227799227799228, 0.9575289575289575, 0.9652509652509652, 1.0, 1.0, 1.0, 1.0, 1.0, 1.0, 1.0, 1.0, 1.0, 1.0, 1.0, 1.0, 1.0, 1.0, 1.0, 1.0, 1.0, 1.0], "auc": 1.0, "colour": "#4ecb8d"}, "Extra Trees": {"fpr": [0.0, 0.0, 0.0, 0.0, 0.0, 0.0, 0.0, 0.0, 0.0, 0.02075842887185401, 0.02164032290889356, 0.03079845329353504, 0.031205481310630216, 0.033986839427447256, 0.0350722474730344, 0.03988874567532732, 0.0419238857608032, 0.04246658978359677, 0.04572281392035819, 0.04606200393460416, 0.04653686995454854, 0.04789363001153246, 0.05386337426226172, 0.05542364832779323, 0.05752662641611831, 0.05847635845600706, 0.0594260904958958, 0.06057933654433213, 0.061393392578522485, 0.062478800624109626, 0.0647174547181331, 0.06532799674377586, 0.06620989078081542, 0.06668475680075979, 0.06790584085204532, 0.06844854487483888, 0.06892341089478325, 0.06939827691472764, 0.0701444949460688, 0.07082287497456075, 0.07116206498880673, 0.07184044501729869, 0.07231531103724306, 0.07265450105148905, 0.07319720507428261, 0.07353639508852859, 0.07407909911132217, 0.07482531714266331, 0.07557153517400447, 0.07631775320534563, 0.07672478122244081, 0.07760667525948037, 0.07828505528797232, 0.07909911132216267, 0.080252357370599, 0.08120208941048776, 0.08194830744182892, 0.08228749745607489, 0.08262668747032087, 0.08323722949596364, 0.08357641951020962, 0.08418696153585238, 0.08486534156434435, 0.08574723560138389, 0.08601858761278068, 0.08642561562987586, 0.0873753476697646, 0.08798588969540737, 0.08832507970965335, 0.08893562173529611, 0.08995319177803406, 0.09036021979512923, 0.09110643782647039, 0.09192049386066074, 0.0924631978834543, 0.09361644393189064, 0.09422698595753341, 0.09517671799742215, 0.0961264500373109, 0.0978224001085408, 0.09863645614273116, 0.09924699816837393, 0.09985754019401669, 0.10033240621396106, 0.10148565226239739, 0.10209619428804016, 0.10338511634217488, 0.10426701037921443, 0.10508106641340478, 0.10569160843904755, 0.1066413404789363, 0.10711620649888068, 0.10772674852452344, 0.10826945254731701, 0.10928702259005495, 0.1101010786242453, 0.11077945865273726, 0.11159351468692762, 0.11227189471541958, 0.11288243674106234, 0.1136286547724035, 0.11417135879519708, 0.11498541482938743, 0.1154602808493318, 0.11593514686927617, 0.11674920290346652, 0.1172919069262601, 0.11763109694050607, 0.11824163896614884, 0.11864866698324401, 0.11946272301743437, 0.11993758903737874, 0.12034461705447391, 0.12088732107726749, 0.12122651109151347, 0.1223119191371006, 0.12278678515704497, 0.12360084119123534, 0.12441489722542569, 0.12516111525676685, 0.1259751712909572, 0.12706057933654433, 0.12814598738213148, 0.1291635574248694, 0.1310630215046469, 0.13160572552744046, 0.13235194355878163, 0.1346584356556543, 0.13506546367274946, 0.13696492775252697, 0.13723627976392375, 0.13771114578386812, 0.13838952581236008, 0.1402889898921376, 0.14117088392917712, 0.1415779119462723, 0.14225629197476428, 0.14307034800895463, 0.14395224204599416, 0.14456278407163692, 0.14585170612577167, 0.14646224815141443, 0.14768333220269994, 0.14883657825113628, 0.14937928227392985, 0.15331388643918323, 0.1537887524591276, 0.15433145648192118, 0.1560274065531511, 0.15840173665287294, 0.15969065870700766, 0.16002984872125364, 0.1611152567668408, 0.1645071569093006, 0.16532121294349095, 0.16722067702326843, 0.16837392307170476, 0.1693914931144427, 0.17536123736517198, 0.1782782714876874, 0.18112746760735363, 0.1818736856386948, 0.1835017977070755, 0.18628315582389254, 0.19089614001763788, 0.1921172240689234, 0.1941523641543993, 0.19503425819143885, 0.2026321145105488, 0.20500644461027068, 0.20880537276982566, 0.2096872668068652, 0.21219727291228546, 0.21396106098636455, 0.21450376500915813, 0.2149107930262533, 0.2290889356217353, 0.24014653008615428, 0.24794790041381182, 0.2648395631232617, 0.28444474594667934, 0.28749745607489313, 0.29007530018316263, 0.3177532053456346, 0.33125296791262465, 1.0], "tpr": [0.0, 0.04633204633204633, 0.06563706563706563, 0.09266409266409266, 0.1274131274131274, 0.15057915057915058, 0.18532818532818532, 0.22007722007722008, 0.32432432432432434, 1.0, 1.0, 1.0, 1.0, 1.0, 1.0, 1.0, 1.0, 1.0, 1.0, 1.0, 1.0, 1.0, 1.0, 1.0, 1.0, 1.0, 1.0, 1.0, 1.0, 1.0, 1.0, 1.0, 1.0, 1.0, 1.0, 1.0, 1.0, 1.0, 1.0, 1.0, 1.0, 1.0, 1.0, 1.0, 1.0, 1.0, 1.0, 1.0, 1.0, 1.0, 1.0, 1.0, 1.0, 1.0, 1.0, 1.0, 1.0, 1.0, 1.0, 1.0, 1.0, 1.0, 1.0, 1.0, 1.0, 1.0, 1.0, 1.0, 1.0, 1.0, 1.0, 1.0, 1.0, 1.0, 1.0, 1.0, 1.0, 1.0, 1.0, 1.0, 1.0, 1.0, 1.0, 1.0, 1.0, 1.0, 1.0, 1.0, 1.0, 1.0, 1.0, 1.0, 1.0, 1.0, 1.0, 1.0, 1.0, 1.0, 1.0, 1.0, 1.0, 1.0, 1.0, 1.0, 1.0, 1.0, 1.0, 1.0, 1.0, 1.0, 1.0, 1.0, 1.0, 1.0, 1.0, 1.0, 1.0, 1.0, 1.0, 1.0, 1.0, 1.0, 1.0, 1.0, 1.0, 1.0, 1.0, 1.0, 1.0, 1.0, 1.0, 1.0, 1.0, 1.0, 1.0, 1.0, 1.0, 1.0, 1.0, 1.0, 1.0, 1.0, 1.0, 1.0, 1.0, 1.0, 1.0, 1.0, 1.0, 1.0, 1.0, 1.0, 1.0, 1.0, 1.0, 1.0, 1.0, 1.0, 1.0, 1.0, 1.0, 1.0, 1.0, 1.0, 1.0, 1.0, 1.0, 1.0, 1.0, 1.0, 1.0, 1.0, 1.0, 1.0, 1.0, 1.0, 1.0, 1.0, 1.0, 1.0, 1.0, 1.0, 1.0, 1.0, 1.0, 1.0], "auc": 1.0, "colour": "#60b8e8"}, "Decision Tree": {"fpr": [0.0, 0.0002713520113967845, 1.0], "tpr": [0.0, 1.0, 1.0], "auc": 0.9999, "colour": "#f5c842"}, "Logistic Reg": {"fpr": [0.0, 0.0, 0.0, 0.0, 0.0, 1.0], "tpr": [0.0, 0.861003861003861, 0.8687258687258688, 0.8764478764478765, 1.0, 1.0], "auc": 1.0, "colour": "#ff6b4a"}}, "model_comparison": {"Random Forest": {"auc": 1.0, "precision": 0.9923, "recall": 1.0, "f1": 0.9962}, "Extra Trees": {"auc": 1.0, "precision": 0.6108, "recall": 1.0, "f1": 0.7584}, "Decision Tree": {"auc": 0.9999, "precision": 0.9848, "recall": 1.0, "f1": 0.9923}, "Logistic Reg": {"auc": 1.0, "precision": 0.9962, "recall": 1.0, "f1": 0.9981}}, "feature_importance": [{"feature": "composite_risk", "importance": 19.92}, {"feature": "account_age_months", "importance": 18.24}, {"feature": "vel_dist", "importance": 14.89}, {"feature": "days_since_last_txn", "importance": 12.39}, {"feature": "distance_from_home_km", "importance": 11.07}, {"feature": "velocity_1hr", "importance": 10.87}, {"feature": "risk_flags", "importance": 6.33}, {"feature": "log_amount", "importance": 2.91}, {"feature": "location_risk", "importance": 0.91}, {"feature": "trust_score", "importance": 0.68}, {"feature": "device_match", "importance": 0.52}, {"feature": "hour_cos", "importance": 0.47}, {"feature": "ip_country_match", "importance": 0.43}, {"feature": "amount_zscore", "importance": 0.15}, {"feature": "recency_risk", "importance": 0.08}], "risk_score_dist": {"fraud": [88, 69, 90, 82, 97, 90, 94, 97, 80, 93, 88, 75, 90, 91, 90, 73, 93, 86, 96, 78, 78, 98, 96, 85, 69, 90, 85, 53, 83, 88, 76, 81, 73, 73, 95, 75, 89, 77, 86, 91, 99, 63, 69, 82, 72, 95, 95, 98, 97, 85, 86, 88, 87, 92, 89, 81, 79, 96, 83, 77, 94, 98, 98, 99, 96, 89, 93, 96, 71, 76],